log,nome,limiar,TP,FP,TN,FN,F1-score,recall,precision
'p2p-0.3-1-nolle.csv', '1', 0.007707491290416317, 607, 30, 215, 150, 0.871, 0.802, 0.953
'p2p-0.3-1-nolle.csv', '1', 0.007695280675393646, 599, 44, 201, 158, 0.856, 0.791, 0.932
'p2p-0.3-1-nolle.csv', '1', 0.007663362962877843, 588, 37, 207, 168, 0.852, 0.778, 0.941
'p2p-0.3-1-nolle.csv', '1', 0.00792682764822703, 570, 43, 201, 186, 0.833, 0.754, 0.93
'p2p-0.3-1-nolle.csv', '1', 0.007841651422990387, 581, 46, 198, 175, 0.841, 0.769, 0.927
