log,nome,limiar,TP,FP,TN,FN,F1-score,recall,precision
'p2p-0.3-1-nolle.csv', '1', 0.007869033207464127, 591, 34, 211, 166, 0.856, 0.781, 0.946
'p2p-0.3-1-nolle.csv', '1', 0.0077776285263348255, 582, 44, 201, 175, 0.842, 0.769, 0.93
'p2p-0.3-1-nolle.csv', '1', 0.007995541854651818, 592, 38, 206, 164, 0.854, 0.783, 0.94
'p2p-0.3-1-nolle.csv', '1', 0.007890304939375094, 596, 39, 205, 160, 0.857, 0.788, 0.939
'p2p-0.3-1-nolle.csv', '1', 0.008010337299594245, 584, 37, 207, 172, 0.848, 0.772, 0.94
