iteracao,EQM,nit
0.0,98.23683521827216,10.0
1.0,104.9779991300332,10.0
2.0,97.73309032314779,10.0
3.0,99.22189192881632,10.0
4.0,101.57384053323347,10.0
