iteracao,EQM,nit
0.0,98.30975804819182,10.0
1.0,103.87935194896806,10.0
2.0,98.59005058211933,10.0
3.0,97.99616372359161,10.0
4.0,109.54091253966389,10.0
