iteracao,EQM,nit
0.0,7.715198781706735,10.0
1.0,7.702975956069044,10.0
2.0,7.6556995999149615,10.0
3.0,7.9189008205788,10.0
4.0,7.833809771567389,10.0
