iteracao,EQM,nit
0.0,29.89428344442185,10.0
1.0,31.534419169645908,10.0
2.0,30.96215454889461,10.0
3.0,30.538735744719894,10.0
4.0,30.35775190262116,10.0
