iteracao,EQM,nit
0.0,100.872479095057,10.0
1.0,96.47670372862403,10.0
2.0,118.03675749043491,10.0
3.0,99.97596944734066,10.0
4.0,97.97114619108888,10.0
