iteracao,EQM,nit
0.0,7.876902240671591,10.0
1.0,7.785406154861156,10.0
2.0,7.987546312797161,10.0
3.0,7.882414634435716,10.0
4.0,8.002326962294653,10.0
