log,nome,limiar,TP,FP,TN,FN,F1-score,recall,precision
'p2p-0.3-1-usuarios-nolle.csv', '1', 0.23406264611678365, 105, 630, 127, 140, 0.214, 0.429, 0.143
'p2p-0.3-1-usuarios-nolle.csv', '1', 0.2343223269062888, 137, 640, 117, 108, 0.268, 0.559, 0.176
'p2p-0.3-1-usuarios-nolle.csv', '1', 0.2304768827456773, 123, 632, 124, 121, 0.246, 0.504, 0.163
'p2p-0.3-1-usuarios-nolle.csv', '1', 0.22849671007238356, 165, 513, 243, 79, 0.357, 0.676, 0.243
'p2p-0.3-1-usuarios-nolle.csv', '1', 0.22107667806158632, 154, 128, 628, 90, 0.585, 0.631, 0.546
