iteracao,EQM,nit
0.0,574.088824158206,0.0
1.0,574.735698117529,0.0
2.0,575.2585380826966,0.0
3.0,574.0806252385028,0.0
4.0,577.4418918429316,0.0
