iteracao,EQM,nit
0.0,550.0006942880431,2.0
1.0,536.6142140750588,2.0
2.0,526.0808658713181,2.0
3.0,501.09265365990336,2.0
4.0,509.6002507166892,2.0
