iteracao,EQM,nit
0.0,579.4635211481558,0.0
1.0,19.143360728471386,20.0
2.0,576.4900220469386,0.0
3.0,579.3917046392052,0.0
4.0,19.19803064316575,20.0
