iteracao,EQM,nit
0.0,10.878138809612835,16.0
1.0,10.610105253464809,16.0
2.0,10.270156105696262,24.0
3.0,10.797150336230589,18.0
4.0,11.439148874505172,11.0
