iteracao,EQM,nit
0.0,534.2189374433126,2.0
1.0,523.5130883630245,2.0
2.0,519.9405815412682,2.0
3.0,505.1981501960278,2.0
4.0,522.4124448272579,2.0
