iteracao,EQM,nit
0.0,12.033130721510462,20.0
1.0,11.75381613341075,30.0
2.0,11.78622763718628,34.0
3.0,11.26028576061372,56.0
4.0,11.925383454236682,22.0
