iteracao,EQM,nit
0.0,371.86996518617997,0.0
1.0,15.077716664441287,20.0
2.0,15.3550598128557,20.0
3.0,14.964198644093988,20.0
4.0,15.108094425251736,20.0
