log,nome,limiar,TP,FP,TN,FN,F1-score,recall,precision
'p2p-0.3-1-usuarios-nolle.csv', 14, 0.2500386864800546, 103, 316, 397, 186, 0.291, 0.356, 0.246
'p2p-0.3-1-usuarios-nolle.csv', 14, 0.2503204260093761, 128, 261, 451, 161, 0.378, 0.443, 0.329
'p2p-0.3-1-usuarios-nolle.csv', 14, 0.250548143764241, 161, 326, 386, 128, 0.415, 0.557, 0.331
'p2p-0.3-1-usuarios-nolle.csv', 14, 0.25003511552199587, 136, 274, 438, 153, 0.389, 0.471, 0.332
'p2p-0.3-1-usuarios-nolle.csv', 14, 0.2514990818131235, 147, 285, 427, 141, 0.408, 0.51, 0.34
'total', 14, 0.2504882907177582, 675, 1462, 2099, 769, 0.376, 0.467, 0.316