log,nome,limiar,TP,FP,TN,FN,F1-score,recall,precision
'p2p-0.3-1-usuarios-nolle.csv', '1', 0.22763345639860394, 145, 326, 431, 100, 0.405, 0.592, 0.308
'p2p-0.3-1-usuarios-nolle.csv', '1', 0.23102661226385346, 145, 560, 197, 100, 0.306, 0.592, 0.206
'p2p-0.3-1-usuarios-nolle.csv', '1', 0.2345762275064774, 187, 547, 209, 57, 0.383, 0.766, 0.255
'p2p-0.3-1-usuarios-nolle.csv', '1', 0.22608376952989614, 140, 334, 422, 104, 0.39, 0.574, 0.295
'p2p-0.3-1-usuarios-nolle.csv', '1', 0.23840565963442029, 168, 682, 74, 76, 0.308, 0.689, 0.198
