log,nome,limiar,TP,FP,TN,FN,F1-score,recall,precision
'p2p-0.3-1-usuarios-nolle.csv', '2', 0.06511608060467171, 213, 150, 562, 76, 0.654, 0.737, 0.587
'p2p-0.3-1-usuarios-nolle.csv', '2', 0.07380235533528545, 218, 163, 549, 71, 0.651, 0.754, 0.572
'p2p-0.3-1-usuarios-nolle.csv', '2', 0.06502899003651501, 216, 151, 561, 73, 0.659, 0.747, 0.589
'p2p-0.3-1-usuarios-nolle.csv', '2', 0.06364010743554688, 198, 159, 553, 91, 0.613, 0.685, 0.555
'p2p-0.3-1-usuarios-nolle.csv', '2', 0.06422437444265622, 212, 163, 549, 76, 0.639, 0.736, 0.565
