log,nome,limiar,TP,FP,TN,FN,F1-score,recall,precision
'p2p-0.3-1-usuarios-nolle.csv', '2', 0.06716636315472506, 195, 154, 603, 50, 0.657, 0.796, 0.559
'p2p-0.3-1-usuarios-nolle.csv', '2', 0.065787092201234, 205, 157, 600, 40, 0.675, 0.837, 0.566
'p2p-0.3-1-usuarios-nolle.csv', '2', 0.0677347193191726, 199, 169, 587, 45, 0.651, 0.816, 0.541
'p2p-0.3-1-usuarios-nolle.csv', '2', 0.0646570727229582, 194, 180, 576, 50, 0.628, 0.795, 0.519
'p2p-0.3-1-usuarios-nolle.csv', '2', 0.06353488994305741, 207, 179, 577, 37, 0.657, 0.848, 0.536
