log,nome,limiar,TP,FP,TN,FN,F1-score,recall,precision
'p2p-0.3-1-usuarios-curto.csv', '3', 0.06665068342250298, 130, 107, 595, 28, 0.659, 0.823, 0.549
'p2p-0.3-1-usuarios-curto.csv', '3', 0.070426679287436, 129, 108, 594, 29, 0.653, 0.816, 0.544
'p2p-0.3-1-usuarios-curto.csv', '3', 0.06684071225906388, 128, 119, 583, 30, 0.632, 0.81, 0.518
'p2p-0.3-1-usuarios-curto.csv', '3', 0.06643807710074012, 133, 123, 579, 24, 0.644, 0.847, 0.52
'p2p-0.3-1-usuarios-curto.csv', '3', 0.07426502545061951, 124, 135, 567, 33, 0.596, 0.79, 0.479
