log,nome,limiar,TP,FP,TN,FN,F1-score,recall,precision
'p2p-0.3-1-usuarios-curto.csv', '3', 0.06660124421577766, 131, 112, 590, 27, 0.653, 0.829, 0.539
'p2p-0.3-1-usuarios-curto.csv', '3', 0.0711715248339209, 120, 151, 551, 38, 0.559, 0.759, 0.443
'p2p-0.3-1-usuarios-curto.csv', '3', 0.06625972225298157, 136, 123, 579, 22, 0.652, 0.861, 0.525
'p2p-0.3-1-usuarios-curto.csv', '3', 0.06726907927377376, 127, 95, 607, 30, 0.67, 0.809, 0.572
'p2p-0.3-1-usuarios-curto.csv', '3', 0.06886362070049724, 125, 113, 589, 32, 0.633, 0.796, 0.525
