log,nome,limiar,TP,FP,TN,FN,F1-score,recall,precision
'p2p-0.3-1-usuarios-nolle.csv', '2', 0.06864020383251954, 581, 46, 199, 176, 0.84, 0.768, 0.927
'p2p-0.3-1-usuarios-nolle.csv', '1', 0.2323815880634462, 87, 61, 184, 670, 0.192, 0.115, 0.588
'p2p-0.3-1-usuarios-nolle.csv', '2', 0.07063790130393384, 597, 45, 200, 160, 0.854, 0.789, 0.93
